Name,EstablishmentType,Rating,NumReviews,Address,Cuisine,CostForTwo,City
Seven Lives - Tacos Y Mariscos,QUICK BITES,4.9,310.0,"69 Kensington Avenue, Toronto M5T 2K2",Mexican,25.0,Kensington-Chinatown
Rol San,CASUAL DINING,4.1,380.0,"323 Spadina Avenue, Toronto M5T2E9","Dim Sum, Cantonese",45.0,Kensington-Chinatown
Mother's Dumplings,CASUAL DINING,4.1,279.0,"421 Spadina Avenue, Toronto M5T2G6",Northern Chinese,30.0,Kensington-Chinatown
Millie Creperie,DESSERT PARLOR,4.4,124.0,"161 Baldwin Street, Toronto M5T 1L9","Desserts, Cafe, Japanese",30.0,Kensington-Chinatown
El Trompo,QUICK BITES,4.4,247.0,"277 Augusta Avenue, Toronto M5T2M1",Mexican,45.0,Kensington-Chinatown
Pho Hung,CASUAL DINING,4.1,287.0,"350 Spadina Avenue, Toronto M5T2G4",Vietnamese,35.0,Kensington-Chinatown
Wanda's Pie In The Sky,BAKERY,4.2,178.0,"287 Augusta Avenue, Toronto M5T 2M2","Bakery, Cafe, Desserts",25.0,Kensington-Chinatown
Aji Sai,CASUAL DINING,3.9,320.0,"467 Queen Street W, Toronto M5V 2A9","Sushi, Japanese, Asian",70.0,Kensington-Chinatown
King's Noodle,CASUAL DINING,4.4,196.0,"296 Spadina Avenue, Toronto M5T 2E7",Cantonese,35.0,Kensington-Chinatown
Hibiscus Cafe,CAFÉ,4.4,115.0,"238 Augusta Avenue, Toronto","Cafe, Healthy Food",15.0,Kensington-Chinatown
The Burger's Priest,QUICK BITES,4.0,226.0,"463 Queen Street West, Toronto",Burger,30.0,Kensington-Chinatown
Dumpling House,CASUAL DINING,4.4,159.0,"328 Spadina Avenue, Toronto M5T 2E7",Northern Chinese,25.0,Kensington-Chinatown
Burgernator,QUICK BITES,4.3,142.0,"269 Augusta Avenue, Toronto","Burger, Fast Food",35.0,Kensington-Chinatown
Pizzeria Via Mercanti,CASUAL DINING,4.2,159.0,"188 Augusta Avenue, Toronto M5T 2L6","Italian, Pizza",50.0,Kensington-Chinatown
Big Fat Burrito,QUICK BITES,4.4,236.0,"285 Augusta Avenue, Toronto","Mexican, Fast Food",35.0,Kensington-Chinatown
Rasta Pasta,CASUAL DINING,4.2,94.0,"61 Kensington Avenue, Toronto M5T 2K1","Jamaican, Italian",25.0,Kensington-Chinatown
Jumbo Empanadas,QUICK BITES,4.3,155.0,"245 Augusta Avenue, Toronto M5T 1M5",Latin American,15.0,Kensington-Chinatown
The Dirty Bird,QUICK BITES,3.8,71.0,"79 Kensington Avenue, Toronto M5T2K2","Fast Food, Canadian",30.0,Kensington-Chinatown
Asian Legend,CASUAL DINING,4.0,163.0,"418 Dundas Street West, Toronto M5T1G7",Northern Chinese,40.0,Kensington-Chinatown
R&D,CASUAL DINING,3.6,66.0,"241 Spadina Avenue, Toronto, ON M5T 2E2","Chinese, Asian Fusion",100.0,Kensington-Chinatown
Nguyen Huong,QUICK BITES,4.2,66.0,"332 Spadina Avenue, Toronto M5T2E7",Vietnamese,10.0,Kensington-Chinatown
Gushi,QUICK BITES,3.9,38.0,"707 Dundas Street West, Toronto M5T 2W6",Japanese,25.0,Kensington-Chinatown
Buddha's Vegetarian Restaurant,CASUAL DINING,4.6,95.0,"666 Dundas Street West, Toronto M5T 1H9","Cantonese, Vegetarian, Chinese",25.0,Kensington-Chinatown
Rosewood,CASUAL DINING,3.5,61.0,"463 Dundas Street West, Toronto M5T 1G8","Dim Sum, Cantonese",30.0,Kensington-Chinatown
King's Café,CASUAL DINING,4.1,107.0,"192 Augusta Avenue, Toronto M5T 2L6","Chinese, Vegetarian",35.0,Kensington-Chinatown
Moo Frites,QUICK BITES,3.8,63.0,"178 Baldwin Street, Toronto M5T","Fast Food, Belgian",20.0,Kensington-Chinatown
Pho Pasteur,CASUAL DINING,4.1,84.0,"525 Dundas Street West, Unit 1, Toronto M5T 1H4",Vietnamese,30.0,Kensington-Chinatown
Pancho's Bakery,DESSERT PARLOR,4.0,70.0,"214, Augusta Avenue, Kensington-Chinatown, Toronto M5T2L8","Desserts, Mexican",20.0,Kensington-Chinatown
New Ho King,CASUAL DINING,3.8,126.0,"410 Spadina Avenue, Toronto M5T 2G7",Cantonese,35.0,Kensington-Chinatown
Moonbean,CAFÉ,4.2,100.0,"30 Andrew Street, Toronto M5T 1K6",Cafe,20.0,Kensington-Chinatown
Nirvana,CASUAL DINING,3.8,104.0,"434 College Street, Toronto M5T2N3","Asian Fusion, American",50.0,Kensington-Chinatown
Stay,CAFÉ,3.6,46.0,"388 Spadina Avenue, Toronto M5T 2G5","Tea, Chinese, Desserts, Cafe",30.0,Kensington-Chinatown
Urban Herbivore,QUICK BITES,4.0,89.0,"64 Oxford Street, Toronto M5T 1P1",Healthy Food,30.0,Kensington-Chinatown
Peoples Eatery,CASUAL DINING,3.8,55.0,"307 Spadina Avenue, Toronto M5T2E6",Asian Fusion,50.0,Kensington-Chinatown
Fresco's Fish And Chips,CASUAL DINING,4.0,61.0,"213 Augusta Avenue, Toronto M5T 2L4","Fish and Chips, Canadian",50.0,Kensington-Chinatown
Ka Chi,CASUAL DINING,4.0,89.0,"414 Dundas Street West, Toronto M5T 1G7",Korean,40.0,Kensington-Chinatown
Bacon Nation,QUICK BITES,3.4,49.0,"170 Spadina Avenue, Toronto",Fast Food,30.0,Kensington-Chinatown
Chinese Traditional Bun,CASUAL DINING,3.8,46.0,"536 Dundas Street West, Toronto M5T 1H3",Northern Chinese,30.0,Kensington-Chinatown
Fika,CAFÉ,3.8,55.0,"28 Kensington Avenue, Toronto M5T2J9",Cafe,25.0,Kensington-Chinatown
Goldstone Noodle,CASUAL DINING,4.2,83.0,"266 Spadina Avenue, Toronto M5T2E4",Cantonese,30.0,Kensington-Chinatown
Pho Xe Lua,CASUAL DINING,3.6,85.0,"254 Spadina Avenue, Second Floor, Toronto M5T 2C2",Vietnamese,30.0,Kensington-Chinatown
Manic Coffee,CAFÉ,4.1,77.0,"426 College Street, Toronto M5T1T3",Cafe,30.0,Kensington-Chinatown
Butter Avenue,DESSERT PARLOR,3.9,49.0,"477 Queen Street West, Toronto","Patisserie, Desserts",20.0,Kensington-Chinatown
Tortilla Flats,CASUAL DINING,3.2,98.0,"458 Queen Street West, Toronto",Tex-Mex,40.0,Kensington-Chinatown
Taste Of China,CASUAL DINING,3.6,59.0,"338 Spadina Avenue, Toronto M5T2G2",Cantonese,45.0,Kensington-Chinatown
NU Bügel,BAKERY,3.8,60.0,"240 Augusta Avenue, Toronto M5T 2L7",Bakery,25.0,Kensington-Chinatown
Krepesz,CAFÉ,3.8,44.0,"253 Augusta Avenue, Toronto M5T 2L8","Cafe, Hungarian",35.0,Kensington-Chinatown
Jimmy's Coffee,CAFÉ,3.7,50.0,"191 Baldwin Street, Toronto M5T1L8",Cafe,15.0,Kensington-Chinatown
Otto's Berlin Döner,QUICK BITES,3.4,39.0,"256 Augusta Avenue, Toronto M5T3A9",German,20.0,Kensington-Chinatown
The Red Lounge,CASUAL DINING,3.8,71.0,"444 Spadina Avenue, Toronto",Bar Food,25.0,Kensington-Chinatown
Café Pamenar,BAR,4.0,51.0,"307 Augusta Avenue, Toronto M5T 2M2",Cafe,30.0,Kensington-Chinatown
Dim Sum King,CASUAL DINING,3.2,47.0,"Mandale Mall, Third Floor, 421 Dundas Street West, Toronto M5T 2W4","Dim Sum, Cantonese",40.0,Kensington-Chinatown
Furama,BAKERY,4.0,55.0,"248 - 250 Spadina Avenue, Toronto M5T 2C2","Bakery, Chinese",20.0,Kensington-Chinatown
Sky Dragon,CASUAL DINING,3.3,58.0,"Dragon City Mall, Top Floor, 280 Spadina Avenue, Toronto M5T 1H2","Dim Sum, Cantonese",40.0,Kensington-Chinatown
Bún Saigon,CASUAL DINING,3.8,52.0,"252 Spadina Avenue, Toronto M5T 2C2",Vietnamese,25.0,Kensington-Chinatown
To Ne Sushi,CASUAL DINING,3.5,39.0,"414 Queen Street West, Toronto","Sushi, Japanese, Asian",40.0,Kensington-Chinatown
Toronto Popcorn Company,QUICK BITES,3.7,30.0,"147 Baldwin Street, Toronto M5T3K7",Fast Food,15.0,Kensington-Chinatown
The Clubhouse Sandwich Shop,QUICK BITES,3.9,36.0,"455 Spadina Avenue, Toronto M5G 2G8",Sandwich,25.0,Kensington-Chinatown
Jackpot Chicken Rice,CASUAL DINING,2.9,17.0,"318 Spadina Avenue, Toronto M5T 2E7","Chinese, Singaporean",25.0,Kensington-Chinatown
Tequila Bookworm,BAR,3.5,51.0,"512 Queen Street West, Toronto","Canadian, Fast Food",40.0,Kensington-Chinatown
Sanagan's Meat Locker,QUICK BITES,3.7,46.0,"176 Baldwin Street, Toronto M5T 1L8",Deli,25.0,Kensington-Chinatown
One Hour,CAFÉ,3.3,32.0,"435 Spadina Avenue, Toronto M5T 2G6",Cafe,35.0,Kensington-Chinatown
Greens Vegetarian,CASUAL DINING,3.3,25.0,"638 Dundas Street West, Toronto M5T 1H8","Cantonese, Vegetarian",35.0,Kensington-Chinatown
Amadeu's,CASUAL DINING,3.5,49.0,"184 Augusta Avenue, Toronto M5T2L6",Portuguese,70.0,Kensington-Chinatown
Supermarket,CASUAL DINING,3.8,65.0,"268 Augusta Avenue, Toronto","Bar Food, Asian Fusion",60.0,Kensington-Chinatown
Pancho Y Emiliano,CASUAL DINING,3.6,47.0,"200 Augusta Avenue, Toronto M5T 2L6",Mexican,40.0,Kensington-Chinatown
Loka,CASUAL DINING,3.6,17.0,620 Queen Street West,"Pacific Northwest, Tapas",60.0,Kensington-Chinatown
Sugar Marmalade,QUICK BITES,3.3,31.0,"Dragon City Mall, Unit P, 280 Spadina Avenue, Toronto M5T 0A1","Desserts, Taiwanese",25.0,Kensington-Chinatown
Trinity Common,BAR,3.5,19.0,"303 Augusta Avenue, Toronto M5T 2M2",Bar Food,40.0,Kensington-Chinatown
Dolce Gelato,DESSERT PARLOR,3.7,42.0,"234 Augusta Avenue, Toronto M5T2L7","Ice Cream, Desserts",20.0,Kensington-Chinatown
Kanto,QUICK BITES,3.7,25.0,"Market 707, 707 Dundas Street West, Toronto M5T 2W6",Filipino,20.0,Kensington-Chinatown
La Tortilleria,CASUAL DINING,3.8,46.0,"198 Augusta Avenue, Toronto M5T2L6",Mexican,30.0,Kensington-Chinatown
Simon Sushi,CASUAL DINING,4.1,79.0,"409 Spadina Avenue, Toronto M5T 2G6",Sushi,40.0,Kensington-Chinatown
Cosmic Treats,DESSERT PARLOR,3.6,18.0,"207 Augusta Avenue, Toronto M5T2L4","Desserts, Ice Cream, Canadian",35.0,Kensington-Chinatown
Petit Nuage,DESSERT PARLOR,3.7,15.0,"Market 707, 707 Dundas Street West, Toronto M5T 2W6",Desserts,15.0,Kensington-Chinatown
Emporium Latino,QUICK BITES,3.9,19.0,"243 Augusta Avenue, Toronto M5T",Latin American,20.0,Kensington-Chinatown
Templeton's,BAR,3.5,32.0,"319 Augusta Avenue, Toronto M5T 2M2",Fusion,50.0,Kensington-Chinatown
Our Spot,CAFÉ,3.6,31.0,"180 Baldwin Street, Toronto M5T","Cafe, Breakfast",25.0,Kensington-Chinatown
Canton Chilli,CASUAL DINING,3.3,36.0,"418 Spadina Avenue, Toronto M5T 2G7",Cantonese,30.0,Kensington-Chinatown
Banh Mi Ba Le,QUICK BITES,3.4,22.0,"538 Dundas Street West, Toronto M5T 1H3",Vietnamese,15.0,Kensington-Chinatown
Blackbird Baking Co.,BAKERY,3.8,27.0,"172 Baldwin Street, Toronto M5T",Bakery,15.0,Kensington-Chinatown
The Owl Of Minerva,CASUAL DINING,3.5,37.0,"Dragon City Mall, Second Floor, Unit A & B, 280 Spadina Avenue, Toronto M5T0A1",Korean,35.0,Kensington-Chinatown
AAamazing Salad,QUICK BITES,3.4,5.0,160 Baldwin Street unit 2 M5T 3K7,"Healthy Food, Fusion",25.0,Kensington-Chinatown
Homemade Ramen,CASUAL DINING,3.3,16.0,"263 Spadina Avenue, Toronto M5T2E3",Northern Chinese,30.0,Kensington-Chinatown
Torteria San Cosme,CASUAL DINING,3.4,18.0,181 Baldwin Street,"Mexican, Sandwich",30.0,Kensington-Chinatown
Top Gun Steak,QUICK BITES,3.3,22.0,"251 Augusta Avenue, Toronto M5T2L8",Canadian,25.0,Kensington-Chinatown
I Deal Coffee,CAFÉ,3.6,42.0,"84 Nassau Street, Toronto M5T1M5",Cafe,20.0,Kensington-Chinatown
Golden Patty,QUICK BITES,3.6,35.0,"187 Baldwin Street, Toronto M5T 1M1",Jamaican,15.0,Kensington-Chinatown
Bunner's,BAKERY,3.7,16.0,"244 Augusta Avenue, Toronto M5T2L7","Desserts, Bakery",15.0,Kensington-Chinatown
Tibet Cafe & Bar,CASUAL DINING,3.7,23.0,"51 Kensington Avenue, Toronto M5T 2J8","Fusion, Tibetan",30.0,Kensington-Chinatown
OM Grilled Cheese,QUICK BITES,3.5,8.0,"66 1/2 Nassau Street, Toronto M5T 1M5",Sandwich,25.0,Kensington-Chinatown
Celebrity Hotpot,CASUAL DINING,3.6,26.0,"254 Spadina Avenue, Toronto M5T 2C2",Chinese,45.0,Kensington-Chinatown
North Poké,FAST CASUAL,3.7,20.0,"179 Baldwin Street, Toronto M5T 1L9",Hawaiian,10.0,Kensington-Chinatown
Ronnie's Local 069,BAR,3.4,28.0,"69 Nassau Street, Toronto M5T 1M6",Drinks Only,55.0,Kensington-Chinatown
Top Gun Burgers,QUICK BITES,3.4,8.0,"201 Augusta Avenue, Toronto M5T 2L4",Burger,30.0,Kensington-Chinatown
Morals Village,CASUAL DINING,3.0,14.0,436 Dundas Street West M5T 1G7 1G6,Chinese,60.0,Kensington-Chinatown
Sweet Olenka's,DESSERT PARLOR,3.6,16.0,"225 Augusta Avenue, Toronto M5T2L4","Desserts, Ice Cream",15.0,Kensington-Chinatown
El Arepazo,QUICK BITES,3.4,13.0,"181 Augusta Avenue, Toronto M5T 2L4","Fast Food, Mexican",25.0,Kensington-Chinatown
KOS Restaurant,CASUAL DINING,3.7,28.0,"61 Bellevue Avenue, Toronto M5T 2N4","Diner, Canadian",30.0,Kensington-Chinatown
Nom Nom Nom Crepes,QUICK BITES,3.4,16.0,"Market 707, 707 Dundas Street West, Toronto M5T 2W6","Desserts, Canadian",20.0,Kensington-Chinatown
Hong Kong Bistro Cafe,CASUAL DINING,3.2,20.0,"472 Dundas Street West, Second Floor, Toronto M5T 1G9",Hong Kong Style,35.0,Kensington-Chinatown
Aroma Espresso Bar,CAFÉ,3.1,26.0,"535 Queen Street West, Toronto",Cafe,25.0,Kensington-Chinatown
Last Temptation,CASUAL DINING,3.4,33.0,"12 Kensington Avenue, Toronto M5T",Bar Food,45.0,Kensington-Chinatown
Thai Country Kitchen,CASUAL DINING,3.5,21.0,"412 Spadina Avenue, Toronto M5T 2G7",Thai,25.0,Kensington-Chinatown
El Rey Mezcal Bar,FAST CASUAL,3.2,8.0,"2A Kensington Ave, Toronto M5T 2J7",Mexican,,Kensington-Chinatown
Mars Food,CASUAL DINING,2.8,28.0,"432 College Street, Toronto M5T 1T3",Diner,40.0,Kensington-Chinatown
Aloette,CASUAL DINING,3.5,10.0,163 Spadina Avenue M5V 2L6,French,60.0,Kensington-Chinatown
Super Noodle Express,CASUAL DINING,3.1,8.0,"358 Spadina Avenue, Toronto M5T 2G4",Northern Chinese,30.0,Kensington-Chinatown
98 Aroma,CASUAL DINING,3.0,11.0,"440 Spadina Avenue, Toronto M5T 2G8",Chinese,25.0,Kensington-Chinatown
Mashion Bakery,BAKERY,3.6,17.0,"345 Spadina Avenue, Toronto M5T2G3","Bakery, Chinese",10.0,Kensington-Chinatown
El Gordo,QUICK BITES,3.6,15.0,"214 Augusta Avenue, Toronto M5T 2L8",Latin American,15.0,Kensington-Chinatown
3.4,Other,,,Kensington-Chinatown,"Caribbean, Filipino",,Kensington-Chinatown
Hungary Thai,CASUAL DINING,3.2,35.0,"196 Augusta Avenue, Toronto M5T2L6","Thai, Hungarian",45.0,Kensington-Chinatown
Via Mercanti Food Shop,QUICK BITES,3.2,8.0,209 Augusta Avenue M5T2L4 2L4,Italian,20.0,Kensington-Chinatown
Nak Won,CASUAL DINING,3.0,19.0,"471 Dundas Street West, Toronto M5T 1G8","Korean, Asian",50.0,Kensington-Chinatown
Graffiti's Bar & Grill,BAR,3.7,16.0,"170 Baldwin Street, Toronto M5T",Bar Food,40.0,Kensington-Chinatown
Amato Pizza,QUICK BITES,3.1,27.0,"380 College Street, Toronto","Pizza, Fast Food",25.0,Kensington-Chinatown
Spot Crepes & Tea,CASUAL DINING,3.7,7.0,385 Spadina Avenue M5T 2G6,"Tea, Asian, Beverages, Bubble Tea, Coffee and Tea, Crepes, Desserts, Ice Cream",30.0,Kensington-Chinatown
Romeo's Juice Bar,BEVERAGE SHOP,3.5,13.0,"285 Augusta Avenue, Toronto M5T 2M1","Juices, Beverages",20.0,Kensington-Chinatown
Taste of Yunnan,CASUAL DINING,2.9,13.0,"438 Dundas Street West, Toronto M5T 1G7",Yunnan,25.0,Kensington-Chinatown
Rick's Cafe,CAFÉ,3.4,8.0,"281 Augusta Avenue, Toronto M5T",Cafe,20.0,Kensington-Chinatown
Dumpling King,CASUAL DINING,3.4,13.0,"442 Dundas Street West, Toronto M5T1G6",Northern Chinese,25.0,Kensington-Chinatown
Casa Coffee,CAFÉ,3.6,13.0,"235 Augusta Avenue, Toronto M5T",Cafe,15.0,Kensington-Chinatown
Anne's Magic Kitchen,CASUAL DINING,3.3,10.0,"414 Dundas Street West, Toronto M5T1G7",Northern Chinese,30.0,Kensington-Chinatown
El Rancho,CASUAL DINING,3.4,22.0,"430 College Street, Toronto M5T 1T3",Latin American,75.0,Kensington-Chinatown
Pizzaiolo,QUICK BITES,3.3,26.0,"624 Queen Street West, Toronto","Pizza, Fast Food",30.0,Kensington-Chinatown
Latin Taste,QUICK BITES,3.3,10.0,"200 Baldwin Street, Toronto M5T","Argentine, Latin American",15.0,Kensington-Chinatown
New Hong Fatt,CASUAL DINING,3.1,15.0,"443 Dundas Street West, Toronto M5T 1G6",Cantonese,25.0,Kensington-Chinatown
Jerk Spot,QUICK BITES,2.9,14.0,"149 Baldwin Street, Toronto M5T 1L9",West Indian,25.0,Kensington-Chinatown
Popeyes,QUICK BITES,3.6,19.0,"267 College Street, Toronto M5T 1R5",Fast Food,25.0,Kensington-Chinatown
Eative,DESSERT PARLOR,3.4,7.0,"228 Augusta Avenue, Toronto M5T 2L8","Ice Cream, Desserts",10.0,Kensington-Chinatown
Pokito,CASUAL DINING,3.6,8.0,"420 Queen Street W, Toronto M5V 2A7","Seafood, Caribbean",20.0,Kensington-Chinatown
Sichuan Landscape,CASUAL DINING,2.7,13.0,"416 Spadina Avenue, Toronto M5T 2G7",Sichuan,45.0,Kensington-Chinatown
Saigon Lotus Restaurant,CASUAL DINING,3.6,11.0,"6 St. Andrew Street, Toronto M5T 1K6","Vietnamese, Vegetarian",25.0,Kensington-Chinatown
Banh Mi Bar,CASUAL DINING,3.3,6.0,"189 Augusta Aveue, Toronto M5T2L4",Vietnamese,25.0,Kensington-Chinatown
The Hideout,Other,2.8,17.0,"484 Queen Street West, Toronto","Canadian, Bar Food",45.0,Kensington-Chinatown
North East Chinese Restaurant,CASUAL DINING,3.8,11.0,"476 Dundas Street West, Toronto M5T 1G9",Northern Chinese,30.0,Kensington-Chinatown
Pow Wow Cafe,CAFÉ,3.6,6.0,"213 Augusta Avenue, Toronto M5T 2L4","Cafe, Canadian",25.0,Kensington-Chinatown
Thirsty & Miserable,BAR,3.1,15.0,"197 1/2 Baldwin Street, Toronto M5T1M1",Drinks Only,30.0,Kensington-Chinatown
The Embassy Bar,BAR,3.1,12.0,"223 Augusta Avenue, Toronto M5T 2L4",Drinks Only,30.0,Kensington-Chinatown
Hey Noodles,CASUAL DINING,3.2,5.0,"478 Dundas Street West, Toronto M5T 1G9",Sichuan,25.0,Kensington-Chinatown
Cafe Novo,CAFÉ,3.1,5.0,"254 Augusta Avenue, Toronto M5T2L7",Cafe,20.0,Kensington-Chinatown
Canteen,CASUAL DINING,3.0,11.0,"Dragon City Mall, Second Floor, Unit L, 280 Spadina Avenue, Toronto M5T 0A1","Hong Kong Style, Chinese",25.0,Kensington-Chinatown
Segovia,QUICK BITES,3.5,10.0,"218 Augusta Avenue, Toronto M5T2L8",Brazilian,10.0,Kensington-Chinatown
Levetto,CASUAL DINING,3.3,4.0,"382 Spadina Avenue, Toronto M5T 2G5","Italian, Pizza",45.0,Kensington-Chinatown
The Den,CASUAL DINING,,,"423 College Street, Toronto M5T 1T1","Tapas, Bar Food",50.0,Kensington-Chinatown
Mare Pizzeria,QUICK BITES,3.2,12.0,"185 Baldwin Street, Toronto M5T1M1","Fast Food, Italian",25.0,Kensington-Chinatown
Hong Kong Island Bakery,BAKERY,3.1,4.0,"336 Spadina Avenue, Toronto M5T 2G2","Bakery, Chinese",10.0,Kensington-Chinatown
Easy Drink Easy Go,CAFÉ,,,"482 Dundas Street West, Toronto M2N5R6","Beverages, Taiwanese, Cafe",25.0,Kensington-Chinatown
Wafels & More,FAST CASUAL,3.6,7.0,"237 Augusta Avenue, Toronto M5T 2L8",Belgian,10.0,Kensington-Chinatown
Sang Ho,CASUAL DINING,3.7,11.0,"536 Dundas Street West, Toronto M5T 1H3",Cantonese,35.0,Kensington-Chinatown
Round Venue,CASUAL DINING,3.2,6.0,"152 Augusta Avenue, Toronto M5T 2L5",Canadian,60.0,Kensington-Chinatown
Don't Call Me Cupcake,DESSERT PARLOR,2.3,10.0,"160 Baldwin Street, Toronto M5T","Bakery, Desserts",20.0,Kensington-Chinatown
Master Mix Hotpot,CASUAL DINING,2.0,8.0,"261B Spadina Avenue, Toronto",Chinese,45.0,Kensington-Chinatown
Ozzy's Burgers,QUICK BITES,3.2,8.0,"Unit 1/2, 66 Nassau Street, Toronto, ON M5T 1M2",Burger,15.0,Kensington-Chinatown
Cookie Martinez,QUICK BITES,3.5,10.0,"Market 707, 707 Dundas Street West, Toronto M5T 2W6",Latin American,20.0,Kensington-Chinatown
Juicy Dumpling,CASUAL DINING,3.2,4.0,"280 Spadina Ave, Toronto, ON M5T 0A1",Asian,25.0,Kensington-Chinatown
The Witches Brew,BEVERAGE SHOP,3.4,4.0,"160 Baldwin Street, Toronto",Beverages,20.0,Kensington-Chinatown
Veggie D'Light,QUICK BITES,3.4,4.0,"160 Baldwin Street, Toronto M5T","Caribbean, Vegetarian",25.0,Kensington-Chinatown
Ten Ren's Tea,BEVERAGE SHOP,3.0,12.0,"454 Dundas Street West, Toronto M5T 1G9","Bubble Tea, Tea, Beverages",15.0,Kensington-Chinatown
The Organic Press,BEVERAGE SHOP,3.6,7.0,"257 Augusta Avenue, Toronto M5T 2M1","Juices, Beverages",20.0,Kensington-Chinatown
Average Joe's,QUICK BITES,3.6,10.0,"161 Baldwin Street, Toronto M5T 1L9",Canadian,25.0,Kensington-Chinatown
Dundas Spring Garden,CASUAL DINING,3.3,10.0,"434 Dundas Street West, Toronto M5T 1G7",Cantonese,40.0,Kensington-Chinatown
Poetry Jazz Cafe,BAR,3.8,9.0,"224 Augusta Avenue, Toronto",Drinks Only,45.0,Kensington-Chinatown
Grk Ygrt,DESSERT PARLOR,3.5,7.0,"291 Augusta Avenue, Toronto M5T 2M2","Desserts, Frozen Yogurt, Ice Cream",,Kensington-Chinatown
Seven Lives Paleteria,DESSERT PARLOR,,,72 Kensington Avenue M5T 2K1,"Frozen Yogurt, Ice Cream, Mexican",30.0,Kensington-Chinatown
Huibing Restaurant,CASUAL DINING,3.4,6.0,"440 Spadina Avenue, Toronto M5T 2G8",Northern Chinese,30.0,Kensington-Chinatown
KFC,QUICK BITES,3.3,12.0,"466 Queen Street West, Toronto",Fast Food,25.0,Kensington-Chinatown
The Boat,BAR,3.1,10.0,"158 Augusta Avenue, Toronto M5T2L5",Bar Food,40.0,Kensington-Chinatown
Kensington Lodge,BAR,2.4,8.0,"21 Kensington Avenue, Toronto M5T 2J8",Bar Food,40.0,Kensington-Chinatown
Chinese Bakery,BAKERY,3.3,4.0,"433 Dundas Street West, Toronto M5T 1G6","Bakery, Chinese",10.0,Kensington-Chinatown
Taco Bell,QUICK BITES,2.8,10.0,"466 Queen Street West, Toronto","Fast Food, Mexican",20.0,Kensington-Chinatown
Subway,QUICK BITES,3.5,10.0,"458 Spadina Avenue, Toronto M5T 2G8",Fast Food,20.0,Kensington-Chinatown
Dairy Queen (Treat),DESSERT PARLOR,3.6,11.0,280 Spadina Avenue M5T 0A1,"Ice Cream, Desserts, Fast Food",20.0,Kensington-Chinatown
Thai Express,QUICK BITES,3.5,7.0,"580 Queen Street West, Toronto",Thai,25.0,Kensington-Chinatown
Honour Snack Bar,BAR,2.3,9.0,"602A Dundas Street West, Toronto M5T1H7",Bar Food,25.0,Kensington-Chinatown
T&T Roti,QUICK BITES,3.3,10.0,"Market 707, 707 Dundas Street West, Toronto",Caribbean,20.0,Kensington-Chinatown
Kung Fu Duck,QUICK BITES,3.7,5.0,"419 Spadina Avenue, Toronto M5T 2G6",Northern Chinese,25.0,Kensington-Chinatown
Falafel Queen,QUICK BITES,2.3,9.0,"576 Queen Street West, Toronto M5V 2B5","Fast Food, Middle Eastern",25.0,Kensington-Chinatown
YooJ Express,QUICK BITES,2.4,8.0,"Dragon City Mall, First Floor, 280 Spadina Avenue, Toronto M5T 0A1","Chinese, Fast Food, Bubble Tea",25.0,Kensington-Chinatown
Jenny Restaurant,BAR,2.3,9.0,"65 Kensington Avenue, Toronto M5T 2K2",Drinks Only,40.0,Kensington-Chinatown
Hanabusa Cafe,CAFÉ,3.4,5.0,"77 Kensington Ave, Toronto, ON M5T 2K2",Cafe,30.0,Kensington-Chinatown
Papaya Island,BEVERAGE SHOP,3.9,8.0,"516 Queen Street West, Toronto","Beverages, Desserts",25.0,Kensington-Chinatown
Strange Love Coffee,CAFÉ,,,"101 Spadina Ave, Kensington-Chinatown, Toronto",Cafe,20.0,Kensington-Chinatown
August 8,CASUAL DINING,,,"331 Spadina Ave, Kensington-Chinatown, Toronto",COST FOR TWO:,55.0,Kensington-Chinatown
Tea Shop 168,BEVERAGE SHOP,2.8,4.0,"261 Spadina Avenue, Toronto M5T 2E3","Bubble Tea, Taiwanese, Beverages",25.0,Kensington-Chinatown
Mazar's Kitchen,CASUAL DINING,,,"707 Dundas Street W, Toronto M5T 2W6",Afghan,,Kensington-Chinatown
Ding Tea,BEVERAGE SHOP,2.6,5.0,"449 Dundas Street West, Toronto M5T 1G8","Bubble Tea, Beverages",10.0,Kensington-Chinatown
Oh My Lard,QUICK BITES,,,"Market 707, 707 Dundas Street West, Toronto M5T2W6",BBQ,20.0,Kensington-Chinatown
Tung Tung,QUICK BITES,,,"Dragon City Mall, Main Floor, 280 Spadina Avenue, Toronto","Desserts, Hong Kong Style",10.0,Kensington-Chinatown
iBento,QUICK BITES,3.5,6.0,"235 College Street, Toronto M5T 1R4",Sushi,25.0,Kensington-Chinatown
Gdous Juicy Chicken House,QUICK BITES,,,221 Spadina Avenue,Chinese,10.0,Kensington-Chinatown
Macho Taco,QUICK BITES,,,"214 Augusta Avenue, Toronto","Fast Food, Mexican",10.0,Kensington-Chinatown
Pappa Roti,CAFÉ,,,"270 Spadina Ave, Toronto, ON M5T 2E5",Cafe,20.0,Kensington-Chinatown
Spice And Aroma,CASUAL DINING,,,"387 Spadina Avenue, Toronto M5T 2G6",Chinese,25.0,Kensington-Chinatown
Detour Bar,BAR,2.6,5.0,"193 1/2 Baldwin Street, Toronto",Bar Food,55.0,Kensington-Chinatown
Kensington Brewing Company,Other,,,"299 Augusta Ave, Toronto, ON M5T 2M2",Beverages,30.0,Kensington-Chinatown
Coalition,BAR,2.6,5.0,"349A College Street, Toronto",Bar Food,55.0,Kensington-Chinatown
Cool N2 Ice Cream,DESSERT PARLOR,,,"412 Queen Street West, Toronto, ON M5V 2A7",Ice Cream,10.0,Kensington-Chinatown
Chinatown Centre Delight,Other,,,"Chinatown Centre, Food Court, 222 Spadina Avenue, Toronto M5T 2C2",Cantonese,15.0,Kensington-Chinatown
Hyacinth's Kitchen,QUICK BITES,2.6,4.0,"Market 707, 707 Dundas Street West, Toronto M5T 2W6",Caribbean,20.0,Kensington-Chinatown
Tech Zone Bubble Tea,BEVERAGE SHOP,,,"326 Spadina Avenue, Toronto","Bubble Tea, Beverages",10.0,Kensington-Chinatown
Nest,Other,,,"423 College Street, Toronto M5T 1T1",Drinks Only,20.0,Kensington-Chinatown
Wrestlers,CAFÉ,,,198 Augusta Avenue M5T 2L6,"Coffee and Tea, Desserts, Ice Cream",,Kensington-Chinatown
Osmow's,QUICK BITES,,,"351 College Street, Toronto M5T 1S5","Mediterranean, Sandwich",15.0,Kensington-Chinatown
Ma La Chi Huo,QUICK BITES,,,"346 Spadina Avenue, Unit 108, Toronto M5T 1J5",Northern Chinese,10.0,Kensington-Chinatown
XinDe Ji,Other,,,"Chinatown Centre, Food Court, 222 Spadina Avenue, Toronto M5T 2C2","Chinese, Fast Food",15.0,Kensington-Chinatown
Pizza Nova,QUICK BITES,,,"267 College Street, Toronto M5T 1R5","Pizza, Fast Food",30.0,Kensington-Chinatown
Fancy Pig,QUICK BITES,,,"285 Augusta Avenue, Toronto M5T",Sandwich,20.0,Kensington-Chinatown
Jiu Jiu Ya Bo,QUICK BITES,,,"Chinatown Centre, 222 Spadina Avenue, Toronto M5T 2C2",Northern Chinese,10.0,Kensington-Chinatown
Man Wa Cafe,CAFÉ,,,"Chinatown Centre, Second Floor, 222 Spadina Avenue, Toronto M5T 2C2","Cafe, Hong Kong Style",15.0,Kensington-Chinatown
The Original One,BEVERAGE SHOP,,,"Market 707, 707 Dundas Street West, Toronto M5T 2W6","Bubble Tea, Chinese",15.0,Kensington-Chinatown
Fudao Noodle House,CASUAL DINING,,,"358 Spadina Ave, Toronto",Chinese,25.0,Kensington-Chinatown
Yummy Refills,QUICK BITES,,,"Dragon City Mall, Main Floor, 280 Spadina Avenue, Toronto M5T 3A5","Bubble Tea, Chinese",10.0,Kensington-Chinatown
Bo De Duyen,BEVERAGE SHOP,,,"188 Spadina Avenue, Unit 14, Toronto M5T 3A4","Bubble Tea, Chinese, Beverages",15.0,Kensington-Chinatown
Big Trouble Pizza,BAR,,,"235, Spadina, Avenue 1, Toronto, Kensington-Chinatown, Toronto",Canadian,40.0,Kensington-Chinatown
K Food,QUICK BITES,,,"Market 707, 707 Dundas Street West, Toronto M5T 2W6",Korean,15.0,Kensington-Chinatown
Shi Miaodao Yunnan Rice Noodle,CASUAL DINING,,,"318 Spadina Ave, Toronto, ON M5T 2E7",Malaysian,40.0,Kensington-Chinatown
Shun Yuen Food,BEVERAGE SHOP,,,"285 Spadina Avenue, Toronto","Beverages, Asian",10.0,Kensington-Chinatown
THE 6 JUICES,Other,,,214 Augusta Avenue M5T 2L8,"Healthy Food, Juices, Vegetarian",25.0,Kensington-Chinatown
Tree Top African Cafe,CAFÉ,,,"620 Dundas Street West, Toronto M5T 1H7","Cafe, African",30.0,Kensington-Chinatown
Tim Hortons,CAFÉ,,,"399 Bathurst Street, Kensington-Chinatown, Toronto ON M5T 2S8","American, Donuts, Desserts",20.0,Kensington-Chinatown
Tumi,QUICK BITES,,,"249 Augusta Avenue, Toronto M5T 2L8","Peruvian, Mexican",,Kensington-Chinatown
Bunz Urban Cuisine,QUICK BITES,,,"Market 707, 707 Dundas Street West, Toronto M5T 2W6","Fast Food, Burger",25.0,Kensington-Chinatown
La Sabrosa,BEVERAGE SHOP,,,"214 Augusta Avenue, Toronto M5T 2L8",Juices,,Kensington-Chinatown
Green Tea Restaurant Downtown,CASUAL DINING,,,"261 Spadina Avenue Upper Level, Toronto. ON M5T 2E3",Chinese,25.0,Kensington-Chinatown
Citywok Kitchen,Other,,,"Chinatown Centre, Food Court, 222 Spadina Avenue, Toronto M5T 2C2",Cantonese,15.0,Kensington-Chinatown
8090 KTV,BAR,,,"530 Dundas Street West, Toronto","Bar Food, Chinese, Asian",40.0,Kensington-Chinatown
Souppe Shoppe,QUICK BITES,,,"Market 707, 707 Dundas Street West, Toronto M5T2W6",Canadian,20.0,Kensington-Chinatown
Blintz and a Bong,CAFÉ,,,Opening Soon,Cafe,20.0,Kensington-Chinatown
Mazar's Kitchen,CASUAL DINING,,,707 Dundas Street West M5T 1Y9,Afghan,25.0,Kensington-Chinatown
Lola,BAR,,,"40 Kensington Avenue, Toronto M5T 2J9",Drinks Only,30.0,Kensington-Chinatown
Beer 2 Beer,CASUAL DINING,,,"319 Augusta Avenue, Toronto, ON M5T 1N9",Canadian,40.0,Kensington-Chinatown
Livelihood Cafe,CAFÉ,,,"254 Augusta Avenue, Toronto, ON M5T 2L7",Cafe,15.0,Kensington-Chinatown
Snow Lava,DESSERT PARLOR,,,"413 Spadina Ave, Toronto, ON M5T 2G6","Desserts, Japanese",15.0,Kensington-Chinatown
Koishi,DESSERT PARLOR,,,"160 Baldwin St, Toronto",Ice Cream,20.0,Kensington-Chinatown
Tim Hortons,CAFÉ,,,399 Bathurst Street M5T2S7,Coffee and Tea,13.0,Kensington-Chinatown
Mnandi Pies,QUICK BITES,,,"707 Dundas Street W, Toronto M5T 2W6",African,10.0,Kensington-Chinatown
